Specialit√†,Dottore
Visita Cardiologica,Dott. Marco Rossi
Visita Urologica,Dott.ssa Anna Bianchi
Visita Ortopedica,Dott. Giuseppe Verdi
Visita Neurologica,Dott.ssa Elena Conti
Visita Dermatologica,Dott. Paolo Ferrari
Visita Ginecologica,Dott.ssa Laura Martini
Visita Oculistica,Dott. Alberto Romano
Visita Otorinolaringoiatrica,Dott.ssa Maria Esposito
Visita Endocrinologica,Dott. Francesco Ricci
Visita Pneumologica,Dott.ssa Giulia Moretti
Visita Ortopedica,Dott.ssa Elena Conti
Visita Cardiologica,Dott.ssa Laura Martini
Visita Urologica,Dott.ssa Anna Bianchi
Visita Ortopedica,Dott. Giuseppe Verdi
Visita Neurologica,Dott.ssa Elena Conti
